Name,Yelp Alias
1225 Raw Sushi and Sake Lounge,1225raw-sushi-and-sake-lounge-philadelphia-2
1518 Bar and Grill,1518-bar-and-grill-philadelphia
Air Grille Garden at Dilworth Park,dilworth-park-philadelphia-9
Ancient Spirits & Grille,ancient-spirits-and-grille-philadelphia
ArtBar at Sonesta Hotel,artbar-philadelphia
The Balcony Bar at the Kimmel Center,balcony-bar-the-kimmel-center-philadelphia
Bank and Bourbon,bank-and-bourbon-philadelphia
Bar-Ly Chinatown,bar-ly-chinatown-philadelphia-3
Barbuzzo,barbuzzo-philadelphia
Barstool Sansom Street,barstool-sansom-street-philadelphia
The Black Sheep,the-black-sheep-pub-and-restaurant-philadelphia
Bodega Taco Bar,bodega-bar-philadelphia
Brü Craft & Wurst,brü-craft-and-wurst-philadelphia
Buca D'oro Ristorante,ristorante-la-buca-philadelphia
Butcher Bar,butcher-bar-philadelphia-2
Capriccio Café and Bar,capriccio-cafe-and-bar-philadelphia-2
The Cauldron Philly,the-cauldron-philadelphia-2
Cavanaugh's Rittenhouse,cavanaughs-rittenhouse-philadelphia-2
City Tap House Logan Square,public-house-at-logan-square-philadelphia
Con Murphy's Irish Pub,con-murphys-philadelphia-4
Continental Midtown,the-continental-mid-town-philadelphia
Craftsman Row Saloon,craftsman-row-saloon-philadelphia
Darling Jack's Tavern,darling-jacks-tavern-philadelphia
Devil's Alley,devils-alley-bar-and-grille-philadelphia
Dim Sum House by Jane G's,dim-sum-house-philadelphia-3
Dolce Italian,dolce-italian-philadelphia-philadelphia
Double Knot,double-knot-philadelphia
Drinker's Pub,drinkers-pub-philadelphia
Drury Beer Garden (DBG),drury-beer-garden-philadelphia
Fado Irish Pub,fado-irish-pub-philadelphia-9
Fahrenheit 451 Pizza and Bar,fahrenheit-451-bar-and-pizzeria-philadelphia
Finn McCools Ale House,finn-mccools-ale-house-philadelphia
Flambo Caribbean Restaurant,flambo-caribbean-restaurant-philadelphia-3
Giovani's Bar & Grill,giovanis-bar-and-grill-philadelphia
Giuseppe and Sons,giuseppe-and-sons-philadelphia-2
The Goat Rittenhouse,the-goat-rittenhouse-philadelphia
Gran Caffe L'Aquila,gran-caffe-l-aquila-philadelphia
Hard Rock Cafe,hard-rock-cafe-philadelphia-5
Harp & Crown,harp-and-crown-philadelphia
The Hayes,the-hayes-philadelphia
Independence Beer Garden,independence-beer-garden-philadelphia-2
Iron Hill Brewery & Restaurant,iron-hill-brewery-and-restaurant-philadelphia-2
Kook Burger & Bar,kook-burger-and-bar-philadelphia
Ladder 15,ladder-15-philadelphia
Leda and the Swan Cocktail Lounge,leda-and-the-swan-philadelphia
Little Nonna's,little-nonnas-philadelphia
Marathon 16th & Sansom,marathon-grill-philadelphia-11
Misconduct Tavern,misconduct-tavern-philadelphia-3
The Mulberry on Arch,the-mulberry-philadelphia
Pagano's Market and Bar,paganos-market-and-bar-philadelphia-2
Patchwork,patchwork-philadelphia
Thirteen Restaurant,13-restaurant-philadelphia-2
Pearl & Mary,pearl-and-mary-oyster-bar-philadelphia
Prunella,prunella-philadelphia
Sampan,sampan-philadelphia-3
Sueno,sueno-philadelphia
Thanal Indian Tavern,thanal-indian-tavern-philadelphia-2
Time Restaurant,time-philadelphia
Tir Na Nog Irish Bar & Grill,tir-na-nog-philadelphia-4
Top Tomato Bar & Pizza,top-tomato-bar-and-pizza-philadelphia
Tradesman's,tradesmans-philadelphia
Uptown Beer Garden,uptown-beer-garden-philadelphia-3
Veda - Modern Indian Bistro,veda-modern-indian-bistro-philadelphia-3
Via Locusta,via-locusta-philadelphia
Vintage Wine Bar & Bistro,vintage-wine-bar-philadelphia
Walnut Garden - Temporarily Closed,walnut-garden-philadelphia
The Wayward,the-wayward-philadelphia
Wicked Wolf,wicked-wolf-philadelphia-philadelphia
Wrap Shack,wrap-shack-philadelphia-2
Aki Nom Nom,aki-nom-nom-sushi-and-ramen-philadelphia-3
Alice Pizza,alice-pizza-philadelphia-7
Amada,amada-philadelphia
Amina,amina-philadelphia-2
Bahn Mi and Bottles,banh-mi-and-bottles-philadelphia
Bellini,bellini-philadelphia
Bistro La Baia,bistro-la-baia-philadelphia-5
Bistro Romano,bistro-romano-philadelphia
Bistrot La Minette,bistrot-la-minette-philadelphia-2
Bleu Sushi,bleu-sushi-philadelphia-5
Blume Food & Cocktail,blume-philadelphia-2
Bolo,bolo-philadelphia
Brauhaus Schmitz,brauhaus-schmitz-philadelphia
Bridget Foy's,bridget-foys-philadelphia
Buddakan,buddakan-philadelphia
Caribou Café,caribou-cafe-philadelphia
Chart House,chart-house-philadelphia
Chez Colette,chez-colette-philadelphia
Chez Hansi,chez-hansi-philadelphia
Chubby Cattle,chubby-cattle-philadelphia-5
City Winery,city-winery-philadelphia-philadelphia
Cuba Libre Restaurant & Rum Bar,cuba-libre-restaurant-and-rum-bar-philadelphia-philadelphia
D'Angelo's Ristorante Italiano & Lounge,d-angelos-ristorante-italiano-philadelphia
The Dandelion,the-dandelion-philadelphia
Del Frisco's Double Eagle Steakhouse,del-friscos-double-eagle-steakhouse-philadelphia
Del Frisco's Grille,del-friscos-grille-philadelphia
Devon Seafood Grill,devon-seafood-grill-philadelphia-3
El Vez,el-vez-philadelphia
Entrée BYOB,entree-byob-philadelphia
Estia Restaurant,estia-philadelphia
Fork,fork-philadelphia
Forsythia,forsythia-philadelphia
Franklin Social Kitchen & Bar,franklin-social-kitchen-and-bar-philadelphia
Fringe Bar,fringe-bar-philadelphia
Garden Grille and Bar,tenth-floor-grill-philadelphia
Harper's Garden,harpers-garden-philadelphia
Jasmine Rice Rittenhouse,jasmine-rice-rittenhouse-philadelphia-3
Jomon Japanese BBQ,jomon-japanese-bbq-philadelphia
Knock Restaurant & Bar,knock-philadelphia
Koto Sushi,koto-sushi-philadelphia
La Famiglia Ristorante,la-famiglia-ristorante-philadelphia
La Fontana Della Citta,la-fontana-della-citta-philadelphia
La Nonna,la-nonna-philadelphia
La Viola Bistro,la-viola-philadelphia
La Viola Ovest,la-viola-ovest-philadelphia
Lacroix,lacroix-at-the-rittenhouse-philadelphia-2
LaScala's Fire,lascalas-fire-philadelphia
Libertine,libertine-restauraunt-philadelphia
Malbec Argentine Steakhouse,malbec-argentine-steakhouse-philadelphia
McCormick & Schmick's,mccormick-and-schmicks-seafood-and-steaks-philadelphia
Melograno BYOB,melograno-philadelphia
Mercato  BYOB,mercato-byob-philadelphia
Monster Vegan,monster-vegan-philadelphia
Morea,morea-philadelphia
The Morris,the-morris-restaurant-philadelphia
Moshulu,moshulu-philadelphia-4
Ocean Prime,ocean-prime-philadelphia
Oloroso Tapas and Sherry Bar,oloroso-philadelphia
Osteria,osteria-philadelphia-2
Osteria Ama Philly,osteria-ama-philadelphia-2
Oyster House,oyster-house-philadelphia
Panorama,panorama-philadelphia-2
Picanha Brazilian Steakhouse,picanha-brazilian-steakhouse-philadelphia
Porcini,porcini-philadelphia
Pumpkin BYOB,pumpkin-philadelphia-2
Restaurant Aleksandar,restaurant-aleksandar-philadelphia
Rex at The Royal,rex-at-the-royal-philadelphia-2
Scarpetta Philadelphia,scarpetta-philadelphia-philadelphia
Talula's Garden,talulas-garden-philadelphia
Zahav,zahav-philadelphia
Suraya,suraya-philadelphia-2
Vernick Food & Drink,vernick-food-and-drink-philadelphia
The Love,the-love-philadelphia-2
SOUTH Restaurant & Jazz Club,south-philadelphia
Parc,parc-philadelphia-2
Butcher and Singer,butcher-and-singer-philadelphia
Barcelona Wine Bar Passyunk,barcelona-wine-bar-passyunk-philadelphia
Wilder,wilder-philadelphia-2
Laser Wolf,laser-wolf-philadelphia-2
Wm Mulherin's Sons,wm-mulherins-sons-philadelphia
Bud & Marilyn's,bud-and-marilyns-philadelphia
Terakawa Ramen,terakawa-ramen-philadelphia
Reading Terminal Market,reading-terminal-market-philadelphia
Morimoto,morimoto-philadelphia
Pizzeria Beddia,pizzeria-beddia-philadelphia
Bar Hygge,bar-hygge-philadelphia
Vedge,vedge-philadelphia
Charlie Was a Sinner,charlie-was-a-sinner-philadelphia
Glory Beer Bar & Kitchen,glory-beer-bar-and-kitchen-philadelphia-3
Spice Finch,spice-finch-philadelphia-2
Barclay Prime,barclay-prime-philadelphia
Vetri Cucina,vetri-cucina-philadelphia
The Victor Cafe,the-victor-cafe-philadelphia
Steak 48,steak-48-philadelphia-3
Sweet Lucy's Smokehouse,sweet-lucys-smokehouse-philadelphia
Nan Zhou Hand Drawn Noodle House,nan-zhou-hand-drawn-noodle-house-philadelphia
Blue Corn,blue-corn-philadelphia
Middle Child Clubhouse,middle-child-clubhouse-philadelphia
Dim Sum Garden,dim-sum-garden-philadelphia
Urban Farmer Philadelphia,urban-farmer-philadelphia-philadelphia-2
Friday Saturday Sunday,friday-saturday-sunday-philadelphia-4
Dan Dan,dan-dan-philadelphia-6
Alpen Rose,alpen-rose-philadelphia
Cleavers,cleavers-philadelphia
Village Whiskey,village-whiskey-philadelphia
JG SkyHigh,jg-skyhigh-philadelphia
Mission Taqueria,mission-taqueria-philadelphia
QU JAPAN BISTRO & BAR,qu-japan-bistro-and-bar-philadelphia
Bar Bombón,bar-bombón-philadelphia-4
Vernick Fish,vernick-fish-philadelphia-3
Tria Cafe Wash West,tria-cafe-wash-west-philadelphia-2
JJ Thai Cuisine,jj-thai-cuisine-philadelphia-4
Rosy's Taco Bar,rosys-taco-bar-philadelphia
Trattoria Carina,trattoria-carina-philadelphia-2
Monk's Cafe,monks-cafe-philadelphia-4
City Tap House,city-tap-house-philadelphia-6
K'Far Cafe,kfar-cafe-philadelphia
Southgate,southgate-philadelphia
Jean-Georges Philadelphia,jean-georges-philadelphia-philadelphia-2
Tequilas Restaurant,tequilas-restaurant-philadelphia-3
High Street Philadelphia,high-street-philadelphia-philadelphia
EMei,emei-philadelphia
Fat Salmon,fat-salmon-philadelphia
Molly Malloy's,molly-malloys-philadelphia
Bubblefish,bubblefish-philadelphia-2
Green Eggs Café,green-eggs-café-philadelphia-7
The Twisted Tail,the-twisted-tail-philadelphia
Positano Coast by Aldo Lamberti,positano-coast-by-aldo-lamberti-philadelphia
Han Dynasty,han-dynasty-philadelphia
The Olde Bar,the-olde-bar-philadelphia
Sassafras Bar,sassafras-bar-philadelphia-2
Buk Chon Korean Cuisine,buk-chon-korean-cuisine-philadelphia-2
Oh Brother Philly,oh-brother-philly-philadelphia
Royal Boucherie,royal-boucherie-philadelphia-2
Spasso Italian Grill,spasso-italian-grill-philadelphia-2
Marrakesh,marrakesh-philadelphia
Bad Brother,bad-brother-philadelphia-2
La Calaca Feliz,la-calaca-feliz-philadelphia
White Dog Cafe,white-dog-cafe-philadelphia-2
A Mano,a-mano-philadelphia
Zorba's Taverna,zorbas-taverna-philadelphia
Yards Brewing Company,yards-brewing-company-philadelphia-3
Cafe La Maude,cafe-la-maude-philadelphia
North Third,north-third-philadelphia
Heritage,heritage-philadelphia
Urban Village Brewing Co,urban-village-brewing-co-philadelphia
Bourbon & Branch,bourbon-and-branch-philadelphia
Pera Turkish Cuisine,pera-turkish-cuisine-philadelphia
Apricot Stone,apricot-stone-philadelphia-4
Añejo Philadelphia,añejo-philadelphia-philadelphia
Cheu Fishtown,cheu-fishtown-philadelphia
Kalaya,kalaya-philadelphia-7
Interstate Drafthouse,interstate-drafthouse-philadelphia
LMNO,lmno-philadelphia
Lloyd Whiskey Bar,lloyd-whiskey-bar-philadelphia-2
Kraftwork,kraftwork-philadelphia
Kensington Quarters,kensington-quarters-philadelphia
Fette Sau,fette-sau-philadelphia
Johnny Brenda's,johnny-brendas-philadelphia
Sancho Pistola's,sancho-pistolas-philadelphia-2
Murph's Bar,murphs-bar-philadelphia
Loco Pez,loco-pez-philadelphia-3
Cedar Point Bar and Kitchen,cedar-point-bar-and-kitchen-philadelphia
Bottle Bar East,bottle-bar-east-philadelphia
Front Street Cafe,front-street-cafe-philadelphia
Love & Honey Fried Chicken,love-and-honey-fried-chicken-philadelphia-2
Nemi Restaurant,nemi-restaurant-philadelphia-2
Joe's Steaks + Soda Shop,joes-steaks-soda-shop-philadelphia-4
Ekta Indian Cuisine,ekta-indian-cuisine-philadelphia
Fabrika Fishtown,fabrika-fishtown-philadelphia-2
Milkcrate Cafe,milkcrate-cafe-philadelphia-3
La Chingonita,la-chingonita-philadelphia
Frankford Hall,frankford-hall-philadelphia
Hiroki,hiroki-philadelphia
Pizza Shackamaxon,pizza-shackamaxon-philadelphia
Standard Tap,standard-tap-philadelphia
Elwood,elwood-philadelphia-2
Hikari Sushi,hikari-sushi-philadelphia
Tuna Bar,tuna-bar-philadelphia
Castellino's,castellinos-philadelphia
Sutton's,suttons-philadelphia
Prince Tea House,prince-tea-house-philadelphia
Weckerly's Ice Cream,weckerlys-ice-cream-philadelphia-3
Martha,martha-philadelphia
Gilda Cafe and Market,gilda-cafe-and-market-philadelphia
Gaul & Co. Malthouse,gaul-and-co-malthouse-philadelphia-2
Pizza Brain,pizza-brain-philadelphia
Fishtown Social,fishtown-social-philadelphia
Izakaya By Yanaga,izakaya-by-yanaga-philadelphia-2
Kick Axe Throwing,kick-axe-throwing-philadelphia
Sonny's Famous Steaks,sonnys-famous-steaks-philadelphia
National Mechanics,national-mechanics-philadelphia
The Angelo Pizza,the-angelo-pizza-philadelphia
Las Bugambilias,las-bugambilias-philadelphia
Vista Peru,vista-peru-philadelphia
Malooga,malooga-philadelphia-2
Khyber Pass Pub,khyber-pass-pub-philadelphia
Tomo Sushi & Ramen,tomo-sushi-and-ramen-philadelphia
Mei Mei Philadelphia,mei-mei-philadelphia-philadelphia
Olea,olea-philadelphia
Nick's Bar and Grille,nicks-bar-and-grille-philadelphia
The Plough & the Stars,the-plough-and-the-stars-philadelphia
Revolution House,revolution-house-philadelphia
The Franklin Fountain,the-franklin-fountain-philadelphia
Big Ass Slices Bar & Grill,big-ass-slices-bar-and-grill-philadelphia-3
Lucha Cartel,lucha-cartel-philadelphia
Old City Kitchen,old-city-kitchen-philadelphia
Mac's Tavern,macs-tavern-philadelphia
Race Street Cafe,race-street-cafe-philadelphia
Karma Restaurant & Bar,karma-restaurant-and-bar-philadelphia-18
Campo's Philly Cheesesteaks,campos-philly-cheesesteaks-philadelphia
Isot Mediterranean Cuisine,isot-mediterranean-cuisine-philadelphia-3
Home Cuban Cafe,home-cuban-cafe-philadelphia
Ikki Japanese Cuisine & Bar,ikki-japanese-cuisine-and-bar-philadelphia-4
Mccrossens Tavern,mccrossens-tavern-philadelphia
Pizzeria Vetri,pizzeria-vetri-philadelphia-5
Fare,fare-philadelphia
Jack's Firehouse,jacks-firehouse-philadelphia
Libertee Grounds,libertee-grounds-philadelphia-2
"Angelino's Restaurant, Fairmount- Philadelphia",angelinos-restaurant-fairmount-philadelphia-philadelphia-6
Dim Sum & Noodle,dim-sum-and-noodle-philadelphia
Philadelphia Museum of Art,philadelphia-museum-of-art-philadelphia
Figs,figs-philadelphia
The Fairview,the-fairview-philadelphia-2
Sabrina's Café,sabrinas-café-philadelphia-45
Dasiwa,dasiwa-philadelphia
Eastern State Penitentiary,eastern-state-penitentiary-philadelphia
Kite & Key,kite-and-key-philadelphia
Doma,doma-philadelphia
The Black Taxi,the-black-taxi-philadelphia-2
Stir,stir-philadelphia-2
Luigi’s Pizza Fresca,luigi-s-pizza-fresca-philadelphia
Tria Cafe Rittenhouse,tria-cafe-rittenhouse-philadelphia-2
Louie Louie,louie-louie-philadelphia
Dim Sum House,dim-sum-house-philadelphia
Renata's Kitchen,renatas-kitchen-philadelphia
Pod,pod-philadelphia-4
Han Dynasty,han-dynasty-philadelphia-11
HipCityVeg,hipcityveg-philadelphia-7
Terakawa Ramen,terakawa-ramen-philadelphia-2
World Cafe Live,world-cafe-live-philadelphia
Don Barriga Mexican Grill,don-barriga-mexican-grill-philadelphia-2
Daleng Restaurant,daleng-restaurant-philadelphia
LaTao HotPot,latao-hotpot-philadelphia
Saad's Halal Restaurant,saads-halal-restaurant-philadelphia-2
Manakeesh Cafe Bakery,manakeesh-cafe-bakery-and-grill-philadelphia-2
Irie Entree,irie-entree-philadelphia
Copabanana,copabanana-philadelphia-3
Haveli Virasat,haveli-virasat-philadelphia
Perla,perla-philadelphia-2
Zesto Pizza & Grill,zesto-pizza-and-grill-philadelphia-2
CM Chicken,cm-chicken-philadelphia
Nine Ting,nine-ting-philadelphia
Cily Chicken Rice,cily-chicken-rice-philadelphia-2
Sang Kee Peking Duck House,sang-kee-peking-duck-house-philadelphia-2
Megumi Japanese Ramen & Sushi Bar,megumi-japanese-ramen-and-sushi-bar-philadelphia-2
Lau Kee Restaurant,lau-kee-restaurant-philadelphia-3
Pho Xe Lua Viet Thai Restaurant,pho-xe-lua-viet-thai-restaurant-philadelphia
Ting Wong Restaurant,ting-wong-restaurant-philadelphia
Shiao Lan Kung,shiao-lan-kung-philadelphia
Spice C,spice-c-philadelphia-2
Shi Miao Dao Yunnan Rice Noodle,shi-miao-dao-yunnan-rice-noodle-philadelphia
Ho Sai Gai Restaurant,ho-sai-gai-restaurant-philadelphia-3
Heng Feng Hand Drawn Noodles,heng-feng-hand-drawn-noodles-philadelphia
Szechuan Four Rivers,szechuan-four-rivers-philadelphia-3
Tai Lake Restaurant,tai-lake-restaurant-philadelphia-2
A La Mousse,a-la-mousse-philadelphia
Xun Yu Si Kao,xun-yu-si-kao-philadelphia-2
Yakitori Boy,yakitori-boy-philadelphia
Chicha San Chen,chicha-san-chen-philadelphia
Ray's Café & Teahouse,rays-café-and-teahouse-philadelphia-2
Canto House,canto-house-philadelphia
Bai Wei,bai-wei-philadelphia
Vietnam Restaurant,vietnam-restaurant-philadelphia-2
Chuan Kee Skewer,chuan-kee-skewer-philadelphia-2
Penang,penang-philadelphia-4
More Sugar,more-sugar-philadelphia
Chubby Bowls,chubby-bowls-philadelphia-2
Dae Bak,dae-bak-philadelphia
David's Mai Lai Wah,davids-mai-lai-wah-philadelphia
Yi Pin Restaurant,yi-pin-restaurant-philadelphia
M Kee,m-kee-philadelphia
Pho 20,pho-20-philadelphia
Bonchon,bonchon-philadelphia-6
Lee How Fook,lee-how-fook-philadelphia
Matcha Panda Cafe,matcha-panda-cafe-philadelphia-3
Tsaocaa & BBQ Chicken,tsaocaa-and-bbq-chicken-philadelphia-5
T-Swirl Crêpe,t-swirl-crêpe-philadelphia-4
Kungfu Hotpot,kungfu-hotpot-philadelphia
Yamitsuki Ramen,yamitsuki-ramen-philadelphia
Banana Leaf,banana-leaf-philadelphia
Happy Lamb Hot Pot,happy-lamb-hot-pot-philadelphia
Matcha Cafe Maiko,matcha-cafe-maiko-philadelphia-2
Triangle Tavern,triangle-tavern-philadelphia-2
Sky Cafe,sky-cafe-philadelphia-2
Burrata,burrata-philadelphia
Ember & Ash,ember-and-ash-philadelphia-3
Pho 75,pho-75-philadelphia-3
Nam Phuong,nam-phuong-philadelphia
Tamalex Restaurant,tamalex-restaurant-philadelphia
Pat's King of Steaks,pats-king-of-steaks-philadelphia-5
Shing Kee,shing-kee-philadelphia
Bing Bing Dim Sum,bing-bing-dim-sum-philadelphia
El Chingon,el-chingon-philadelphia-2
Stateside,stateside-philadelphia
El Jarocho,el-jarocho-philadelphia-2
Cosmi's Deli,cosmis-deli-philadelphia
RIM Cafe,rim-cafe-philadelphia
Slice,slice-philadelphia
Laurel,laurel-philadelphia-2
Pho Ha,pho-ha-philadelphia
South Philly Barbacoa,south-philly-barbacoa-philadelphia
Comfort & Floyd,comfort-and-floyd-philadelphia-3
Dough Head Pizza,dough-head-pizza-philadelphia
Ratchada Thai & Laos Cuisine,ratchada-thai-and-laos-cuisine-philadelphia
Mole Poblano Restaurant,mole-poblano-restaurant-philadelphia
Geno's Steaks,genos-steaks-philadelphia
Angelo's Pizzeria,angelos-pizzeria-philadelphia
Taproom On 19th,taproom-on-19th-philadelphia-2
L'Angolo Ristorante,l-angolo-ristorante-philadelphia-3
Stina Pizzeria,stina-pizzeria-philadelphia-3
D'jakarta Cafe,d-jakarta-cafe-philadelphia-3
Cafe Nhan,cafe-nhan-philadelphia-2
Frida Cantina,frida-cantina-philadelphia
Scannicchio's,scannicchios-philadelphia
Chickie's & Pete's,chickies-and-petes-philadelphia
Los Gallos Mexican Taqueria,los-gallos-mexican-taqueria-philadelphia
Café y Chocolate,café-y-chocolate-philadelphia-2
SouthHouse,southhouse-philadelphia
South Philadelphia Tap Room,south-philadelphia-tap-room-philadelphia-3
Ristorante Pesto,ristorante-pesto-philadelphia
Le Virtu,le-virtu-philadelphia
LaScala's Birra,lascalas-birra-philadelphia
Hardena/Waroeng Surabaya Restaurant,hardena-waroeng-surabaya-restaurant-philadelphia
Second District Brewing,second-district-brewing-philadelphia
Penrose Diner,penrose-diner-philadelphia
Bomb Bomb,bomb-bomb-philadelphia
Pistola's Del Sur,pistolas-del-sur-philadelphia
Nick's Old Original Roast Beef,nicks-old-original-roast-beef-philadelphia
La Llorona Cantina,la-llorona-cantina-philadelphia
Mike's BBQ,mikes-bbq-philadelphia-2
Noir Restaurant & Bar,noir-restaurant-and-bar-philadelphia
KPOT Korean BBQ & Hot Pot,kpot-korean-bbq-and-hot-pot-philadelphia-3
Okie Dokie Donuts,okie-dokie-donuts-philadelphia
Taqueria Morales,taqueria-morales-philadelphia-2
AmeriThai,amerithai-philadelphia
Jojo's Cafe,jojos-cafe-philadelphia
Grandmas Philly,grandmas-philly-philadelphia
Franky Bradley's,franky-bradleys-philadelphia
The Tavern Restaurant,the-tavern-restaurant-philadelphia
Kinme,kinme-philadelphia
Xiandu Thai,xiandu-thai-philadelphia
Seorabol Center City,seorabol-center-city-philadelphia-5
DaMò Pasta Lab,damò-pasta-lab-philadelphia
Wishbone,wishbone-philadelphia-4
Chatayee Thai,chatayee-thai-philadelphia-2
Giorgio On Pine,giorgio-on-pine-philadelphia-3
Crunchik'n,crunchikn-philadelphia
Winkel,winkel-philadelphia-4
Royal Sushi & Izakaya,royal-sushi-and-izakaya-philadelphia
The Good King Tavern,the-good-king-tavern-philadelphia
Cantina Dos Segundos,cantina-dos-segundos-philadelphia
BAR1010,bar1010-philadelphia
Hello Vietnam Asian Bistr,hello-vietnam-asian-bistr-phila-2
The Abbaye,the-abbaye-philadelphia
Silk City Diner & Lounge,silk-city-diner-and-lounge-philadelphia
D'Oliva evoo Pizza & Grill,d-oliva-evoo-pizza-and-grill-philadelphia-2
North Bowl,north-bowl-philadelphia
Jerry's Bar,jerrys-bar-philadelphia
Honey's Sit-N-Eat,honeys-sit-n-eat-philadelphia
Baan Thai Thai Cuisine,baan-thai-thai-cuisine-philadelphia-3
Suya Suya West African Grill,suya-suya-west-african-grill-philadelphia
Dolce & Caffè,dolce-and-caffè-philadelphia
Rustica,rustica-philadelphia
SavoriBowl,savoribowl-philadelphia
Ortlieb's,ortliebs-philadelphia
Bardot Cafe,bardot-cafe-philadelphia-2
Circles Contemporary Thai,circles-contemporary-thai-philadelphia
48th Street Grille,48th-street-grille-philadelphia
The Couch Tomato Bistro,the-couch-tomato-bistro-manayunk-7
Ripplewood Whiskey & Craft,ripplewood-whiskey-and-craft-ardmore
In Riva,in-riva-philadelphia
Fiorino,fiorino-east-falls
Mood Cafe,mood-cafe-philadelphia
Lucky's Last Chance,luckys-last-chance-philadelphia-2
Vietnam Cafe,vietnam-cafe-philadelphia
Sardi's Pollo A La Brasa,sardis-pollo-a-la-brasa-philadelphia
Lark,lark-bala-cynwyd
Veganish,veganish-philadelphia
Tierra Colombiana Restaurant,tierra-colombiana-restaurant-philadelphia-2
So Korean Grill,so-korean-grill-philadelphia
Seorabol Korean Restaurant,seorabol-korean-restaurant-philadelphia
Kim's Restaurant,kims-restaurant-philadelphia
Max's Steaks,maxs-steaks-philadelphia
Jong Ka Jib,jong-ka-jib-philadelphia-3
Cantina La Martina,cantina-la-martina-philadelphia
MUTA Korean BBQ & Karaoke,muta-korean-bbq-and-karaoke-philadelphia-3
Càphê Roasters,càphê-roasters-philadelphia
Tio Pepe Restaurant & Bar,tio-pepe-restaurant-and-bar-philadelphia
Cook and Shaker,cook-and-shaker-philadelphia-2
DuBu,dubu-elkins-park
Café Soho,café-soho-philadelphia-2
The Lunar Inn,the-lunar-inn-philadelphia-3
Kyuramen - Cherry Hill,kyuramen-cherry-hill-cherry-hill
Cafe Mi Quang,cafe-mi-quang-philadelphia
Ambrosia Ristorante BYOB,ambrosia-ristorante-byob-philadelphia
Sally,sally-philadelphia
Cotoletta Fitler Square,cotoletta-fitler-square-philadelphia
Chick's Philly,chicks-philly-philadelphia
Rowhome Coffee - Pine Street,rowhome-coffee-pine-street-philadelphia
The Sidecar Bar & Grille,the-sidecar-bar-and-grille-philadelphia
Villekebabs and Platters,villekebabs-and-platters-philadelphia-2
Los Camaradas,los-camaradas-philadelphia
Bao Nine,bao-nine-philadelphia
Condesa,condesa-philadelphia
Pizzata Pizzeria,pizzata-pizzeria-philadelphia
Thai Square Restaurant,thai-square-restaurant-philadelphia-2
Sabrina's Café - South Street,sabrinas-café-south-street-philadelphia
Her Place,her-place-philadelphia
Rival Bros Coffee,rival-bros-coffee-philadelphia-3
Schuylkill River Dog Run,schuylkill-river-dog-run-philadelphia
Café Lutecia,café-lutecia-philadelphia-2
P. J. Clarke's,p-j-clarkes-philadelphia-2
Paprica Modern Mediterranean Grill,paprica-modern-mediterranean-grill-philadelphia
Moonshine Philly,moonshine-philly-philadelphia
John's Roast Pork,johns-roast-pork-philadelphia
Dante & Luigi's,dante-and-luigis-philadelphia
Tony and Nick's Steaks,tony-and-nicks-steaks-philadelphia
Fiorella,fiorella-philadelphia-2
Saloon Restaurant,saloon-restaurant-philadelphia
Villa Di Roma,villa-di-roma-philadelphia
Little Sicily 2,little-sicily-2-philadelphia
For Pete's Sake,for-petes-sake-philadelphia
Chiquita's Pizzeria & Mexican Grill,chiquitas-pizzeria-and-mexican-grill-philadelphia
Flannel,flannel-philadelphia
Lucky's Last Chance,luckys-last-chance-philadelphia-7
Queen & Rook Game Cafe,queen-and-rook-game-cafe-philadelphia-2
American Sardine Bar,american-sardine-bar-philadelphia
Little Fish,little-fish-philadelphia
Ristorante Aroma,ristorante-aroma-philadelphia-2
Dankbaar,dankbaar-philadelphia
Barrel's Fine Food,barrels-fine-food-philadelphia
China House,china-house-philadelphia-11
El Molino Tortilleria and Restaurant,el-molino-tortilleria-and-restaurant-philadelphia
Nipotina,nipotina-philadelphia
HomeGrown Coffee and Creations,homegrown-coffee-and-creations-philadelphia
Gabriella's Vietnam,gabriellas-vietnam-philadelphia
La Rosa Pizzeria,la-rosa-pizzeria-philadelphia
Stargazy,stargazy-philadelphia
Green Eggs Cafe,green-eggs-cafe-philadelphia-9
Pho Cyclo Cafe,pho-cyclo-cafe-philadelphia-2
Saffron Patch - Authentic Indian Restaurant,saffron-patch-authentic-indian-restaurant-philadelphia-2
Indonesia,indonesia-philadelphia
Cacia's Bakery,cacias-bakery-philadelphia
Stogie Joe's Tavern,stogie-joes-tavern-philadelphia
Los Cuatro Soles,los-cuatro-soles-philadelphia
Arctic Scoop,arctic-scoop-philadelphia
Lucky 13 Pub,lucky-13-pub-philadelphia
Kay Kay's,kay-kays-philadelphia
P&S Ravioli Company,p-and-s-ravioli-company-philadelphia-2
Caffe Ida,caffe-ida-philadelphia-3
Artisan Boulanger Patissier,artisan-boulanger-patissier-philadelphia-2
Mi-Pals Deli,mi-pals-deli-philadelphia-2
Pizzeria Pesto,pizzeria-pesto-philadelphia
Potito's Italian American Pastries,potitos-italian-american-pastries-philadelphia-16
Pop's Homemade Water Ice,pops-homemade-water-ice-philadelphia
P'unk Burger,punk-burger-philadelphia
Emmy Squared Pizza - Queen Village,emmy-squared-pizza-queen-village-philadelphia-3
Square Pie,square-pie-philadelphia-2
Woodrow's Sandwich Shop,woodrows-sandwich-shop-philadelphia
Mixto Restaurant,mixto-restaurant-philadelphia-2
Hawthornes Beer Cafe,hawthornes-beer-cafe-philadelphia
Le Viet Restaurant,le-viet-restaurant-philadelphia
El Rancho Viejo,el-rancho-viejo-philadelphia
Fitz on 4th,fitz-on-4th-philadelphia
Prohibition Taproom,prohibition-taproom-philadelphia
Cafe Lift,cafe-lift-philadelphia
La Chinesca,la-chinesca-philadelphia
El Purepecha,el-purepecha-philadelphia
Wood Street Pizza,wood-street-pizza-philadelphia
Parada Maimon,parada-maimon-philadelphia-2
The Trestle Inn,the-trestle-inn-philadelphia-3
Saami Somi,saami-somi-philadelphia
Juno,juno-philadelphia
The Capital Grille,the-capital-grille-philadelphia-3
Union Transfer,union-transfer-philadelphia
Buena Onda,buena-onda-philadelphia
Moustaki Authentic Gyros,moustaki-authentic-gyros-philadelphia
Vernick Coffee Bar,vernick-coffee-bar-philadelphia
Assembly Rooftop Lounge,assembly-rooftop-lounge-philadelphia
Federal Donuts,federal-donuts-philadelphia-16
The Franklin Institute Science Museum,the-franklin-institute-science-museum-philadelphia
Gyu-Kaku Japanese BBQ,gyu-kaku-japanese-bbq-philadelphia-3
Nom Wah Philadelphia,nom-wah-philadelphia-philadelphia-2
Stockyard Sandwich,stockyard-sandwich-philadelphia-3
Far East Descendant,far-east-descendant-philadelphia
Kelliann's Bar & Grill,kellianns-bar-and-grill-philadelphia
Loco Pez,loco-pez-philadelphia-7
Porco's Porchetteria,porcos-porchetteria-philadelphia
Cafe Ynez,cafe-ynez-philadelphia
On Point Bistro,on-point-bistro-philadelphia-2
L'anima,l-anima-philadelphia-2
Pizzeria Stella,pizzeria-stella-philadelphia
Ishkabibble's,ishkabibbles-philadelphia
Bloomsday Cafe,bloomsday-cafe-philadelphia-5
Amazing Crab House,amazing-crab-house-philadelphia
Puyero Venezuelan Flavor,puyero-venezuelan-flavor-philadelphia
Jim's South St,jims-south-st-philadelphia
South Street Souvlaki,south-street-souvlaki-philadelphia
Nora's Kitchen,noras-kitchen-philadelphia-2
Bridget Foy's,bridget-foys-philadelphia-3
The Sweet Life Bakeshop,the-sweet-life-bakeshop-philadelphia-3
Brazas BBQ Chicken,brazas-bbq-chicken-philadelphia
Sabrina's Café - University City,sabrinas-café-university-city-philadelphia-2
Chewy's Food Truck,chewys-food-truck-philadelphia
Chengdu Famous Food,chengdu-famous-food-philadelphia
Dump-N-Roll,dump-n-roll-philadelphia
Pitruco Pizza,pitruco-pizza-philadelphia
Indian Sizzler,indian-sizzler-philadelphia
SPOT Gourmet Burgers,spot-gourmet-burgers-philadelphia
Landmark Americana Tap & Grill - University City,landmark-americana-tap-and-grill-university-city-philadelphia
NINE,nine-philadelphia
Undrgrnd Donuts,undrgrnd-donuts-philadelphia
Vic Sushi Bar,vic-sushi-bar-philadelphia
Ramen Bar,ramen-bar-philadelphia-3
New Delhi Indian Restaurant,new-delhi-indian-restaurant-philadelphia
Tommy DiNic's,tommy-dinics-philadelphia
Heung Fa Chun Sweet House,heung-fa-chun-sweet-house-philadelphia
Beiler's Bakery,beilers-bakery-philadelphia
Pearl's Oyster Bar,pearls-oyster-bar-philadelphia
Beck's Cajun Cafe,becks-cajun-cafe-philadelphia
Tom's Dim Sum,toms-dim-sum-philadelphia
Hershel's East Side Deli,hershels-east-side-deli-philadelphia
Spice 28,spice-28-philadelphia
Fergie's Pub,fergies-pub-philadelphia
Graffiti Bar,graffiti-bar-philadelphia
Hatch & Coop,hatch-and-coop-philadelphia-2
Kanella,kanella-philadelphia-4
Varga Bar,varga-bar-philadelphia
Strangelove's,strangeloves-philadelphia
Poke Burri - Philadelphia,poke-burri-philadelphia-philadelphia
Mabu Kitchen,mabu-kitchen-philadelphia
Paulie Gee’s Soul City Slice Shop,paulie-gee-s-soul-city-slice-shop-philadelphia
Talula's Daily,talulas-daily-philadelphia
Middle Child,middle-child-philadelphia
Corey’s Crafty Vietnamese Cuisine,corey-s-crafty-vietnamese-cuisine-philadelphia
Shaking Seafood,shaking-seafood-philadelphia-3
Santucci's Original Square Pizza,santuccis-original-square-pizza-philadelphia-2
Tabachoy,tabachoy-philadelphia
Alma Del Mar,alma-del-mar-philadelphia
Kyushu Ramen & Sushi,kyushu-ramen-and-sushi-philadelphia
Paesano's,paesanos-philadelphia-4
Pho Ga Thanh Thanh,pho-ga-thanh-thanh-philadelphia
Ralphs Italian Restaurant,ralphs-italian-restaurant-philadelphia
Anastasi Seafood,anastasi-seafood-philadelphia-2
Mawn,mawn-philadelphia
Isgro Pastries,isgro-pastries-philadelphia
Cucina Maria,cucina-maria-philadelphia
Famous 4th Street Delicatessen,famous-4th-street-delicatessen-philadelphia
Nirvana Indian Kitchen,nirvana-indian-kitchen-philadelphia
Southwark Restaurant,southwark-restaurant-philadelphia
Sakana Omakasè Sushi,sakana-omakasè-sushi-philadelphia-3
Restaurant Ambra,restaurant-ambra-philadelphia
Golden Triangle,golden-triangle-philadelphia
Cilantro New Mediterranean Cuisine,cilantro-new-mediterranean-cuisine-philadelphia
Felly Bistro On Pass,felly-bistro-on-pass-philadelphia
Cry Baby Pasta,cry-baby-pasta-philadelphia
Gnocchi,gnocchi-philadelphia
Mustard Greens Restaurant,mustard-greens-restaurant-philadelphia
New Wave Cafe,new-wave-cafe-philadelphia
Reef Restaurant & Lounge,reef-restaurant-and-lounge-philadelphia-14
Pho Saigon,pho-saigon-philadelphia-6
Mifflin Tavern,mifflin-tavern-philadelphia
Gooey Looie's,gooey-looies-philadelphia
2nd Street Brew House,2nd-street-brew-house-philadelphia
Tonalli,tonalli-philadelphia
Ginza,ginza-philadelphia-3
O'Jung's,o-jungs-philadelphia
Clarkville,clarkville-philadelphia
Local 44,local-44-philadelphia
Hadramout,hadramout-philadelphia
Lulu Cafe,lulu-cafe-philadelphia
Koch's Deli,kochs-deli-philadelphia
Kaffa Crossing,kaffa-crossing-philadelphia
New York Gyro Place,new-york-gyro-place-philadelphia
Pasqually's Pizza,pasquallys-pizza-philadelphia
Colonial Pizza,colonial-pizza-philadelphia
TacoTaco Mexican,tacotaco-mexican-philadelphia
Walnut Hill College,walnut-hill-college-philadelphia-3
Pattaya,pattaya-philadelphia-2
Vientiane Café,vientiane-café-philadelphia-3
Pelicana chicken,pelicana-chicken-philadelphia-2
Kilimandjaro Restaurant,kilimandjaro-restaurant-philadelphia-3
Lil' Pop Shop,lil-pop-shop-philadelphia
Pho & Cafe Saigon,pho-and-cafe-saigon-philadelphia
Desi Chaat House,desi-chaat-house-philadelphia
Enjay's Pizza,enjays-pizza-philadelphia-2
Abyssinia,abyssinia-philadelphia
Hibiscus Cafe,hibiscus-cafe-philadelphia
The Green Line Cafe,the-green-line-cafe-philadelphia
Allegro Pizza,allegro-pizza-philadelphia
New York Gyro Truck,new-york-gyro-truck-philadelphia-2
Jezabel's,jezabels-philadelphia-3
Tampopo,tampopo-philadelphia-3
Makkah Market,makkah-market-philadelphia-4
Evan's Pizza,evans-pizza-philadelphia
Ice Cave,ice-cave-philadelphia-7
Loco Pez,loco-pez-philadelphia-6
Aksum Cafe,aksum-cafe-philadelphia-2
Hayashi Sushi,hayashi-sushi-philadelphia
Fu-Wah Mini Market,fu-wah-mini-market-philadelphia
Gojjo Bar & Restaurant,gojjo-bar-and-restaurant-philadelphia
Chili Garden,chili-garden-philadelphia-4
Dahlak,dahlak-philadelphia-2
Lee's Deli,lees-deli-philadelphia-2
Cedar Park Cafe,cedar-park-cafe-philadelphia
The Gold Standard Cafe,the-gold-standard-cafe-philadelphia
Dottie's Donuts,dotties-donuts-philadelphia
Booker's Restaurant and Bar,bookers-restaurant-and-bar-philadelphia-3
Carbon Copy,carbon-copy-philadelphia
Little Delicious,little-delicious-philadelphia
Atiya Ola's Spirit First Foods,atiya-olas-spirit-first-foods-philadelphia
Amari's Restaurant,amaris-restaurant-philadelphia
Dock Street Cannery and Tasting Room,dock-street-cannery-and-tasting-room-philadelphia
Choy Wong Kitchen,choy-wong-kitchen-philadelphia
The Barn,the-barn-philadelphia
Crazy Sushi,crazy-sushi-philadelphia
El Rey,el-rey-philadelphia
Luke's Lobster Rittenhouse,lukes-lobster-rittenhouse-philadelphia
HipCityVeg,hipcityveg-philadelphia
Zama,zama-philadelphia
Square 1682,square-1682-philadelphia
Nom Nom Ramen,nom-nom-ramen-philadelphia
General Tsao’s House,general-tsao-s-house-philadelphia
Mac Mart,mac-mart-philadelphia-8
Koreana,koreana-philadelphia-9
Rouge,rouge-philadelphia
Fogo de Chão Brazilian Steakhouse,fogo-de-chao-philadelphia-8
Dig,dig-philadelphia
Midnight Iris,midnight-iris-philadelphia
Pub & Kitchen,pub-and-kitchen-philadelphia
Real Food Eatery,real-food-eatery-philadelphia
Pizzeria Vetri,pizzeria-vetri-philadelphia-6
Good Dog Bar,good-dog-bar-philadelphia
&pizza - Rittenhouse,and-pizza-rittenhouse-philadelphia-2
Martabak Ok,martabak-ok-philadelphia
Su Xing House,su-xing-house-philadelphia
Philly Tacos,philly-tacos-philadelphia-2
El Mezcal Cantina,el-mezcal-cantina-philadelphia
Madira Bar & Grill,madira-bar-and-grill-philadelphia
Korea Taqueria,korea-taqueria-philadelphia
Lazos Pizza & Grill,lazos-pizza-and-grill-philadelphia
2637brew,2637brew-philadelphia
Rybrew,rybrew-philadelphia
Green Eggs Cafe,green-eggs-cafe-philadelphia-16
The Monkey & The Elephant,the-monkey-and-the-elephant-philadelphia-3
ERA,era-philadelphia
Lucky Goat Coffeehouse,lucky-goat-coffeehouse-philadelphia-2
iMunch Cafe,imunch-cafe-philadelphia
Harper's Ice Cream,harpers-ice-cream-philadelphia
Butter's Soul Food,butters-soul-food-philadelphia-2
Italian Express,italian-express-philadelphia
Unit Su Vege,unit-su-vege-philadelphia-3
Pita Chip,pita-chip-philadelphia
Engimono Sushi,engimono-sushi-philadelphia
Le Cat Cafe,le-cat-cafe-philadelphia-2
Helm,helm-philadelphia
Taco Riendo,taco-riendo-philadelphia
New Liberty Distillery,new-liberty-distillery-philadelphia
Eeva,eeva-philadelphia
Que Chula Es Puebla,que-chula-es-puebla-philadelphia-2
Street Side,street-side-philadelphia-2
DAWA Sushi & Ramen Bar,dawa-sushi-and-ramen-bar-philadelphia
Pretty Girls Cook,pretty-girls-cook-philadelphia
Hook & Master,hook-and-master-philadelphia
Mood Indian Restaurant,mood-indian-restaurant-philadelphia-2
Drunk Crab,drunk-crab-philadelphia-2
La Locanda Del Ghiottone,la-locanda-del-ghiottone-philadelphia
The Freshworks of Port Richmond,the-freshworks-of-port-richmond-philadelphia
Tacconelli's Pizzeria,tacconellis-pizzeria-philadelphia
Green Rock Tavern,green-rock-tavern-philadelphia
Little Susie's Coffee & Pie,little-susies-coffee-and-pie-philadelphia
Byrne's Tavern®,byrnes-tavern-philadelphia
Em's Place,ems-place-philadelphia
Nifty Fifty's Fishtown,nifty-fiftys-fishtown-philadelphia
OG Pizza,og-pizza-philadelphia
Sor Ynez,sor-ynez-philadelphia-2
Four Humours,four-humours-philadelphia
"The Ground Coffee, Plants & Gifts",the-ground-coffee-plants-and-gifts-philadelphia-2
Alamodak Restaurant and Hookah Lounge,alamodak-restaurant-and-hookah-lounge-philadelphia-5
Poe's Sandwich Joint,poes-sandwich-joint-philadelphia-2
Radicchio Cafe,radicchio-cafe-philadelphia
Sushi Ya,sushi-ya-philadelphia
Bold Coffee Bar,bold-coffee-bar-philadelphia
Pub Webb,pub-webb-philadelphia
Yummy Pho,yummy-pho-philadelphia
Champ’s Diner,champ-s-diner-philadelphia-2
Wagner Free Institute of Science,wagner-free-institute-of-science-philadelphia
Vineyards Cafe,vineyards-cafe-philadelphia
Tang's Halal Chinese Restaurant,tangs-halal-chinese-restaurant-philadelphia-3
Cambridge St Coffee House,cambridge-st-coffee-house-philadelphia
Sandwich Corner Market,sandwich-corner-market-philadelphia
La Sushi,la-sushi-philadelphia
Amasi Restaurant and Hookah,amasi-restaurant-and-hookah-philadelphia-3
Kayuh Bicycles & Cafe,kayuh-bicycles-and-cafe-philadelphia
Rock N' Rolls ,rock-n-rolls-philadelphia-6
honeygrow,honeygrow-philadelphia-4
Hilltown Tavern - Fairmount,hilltown-tavern-fairmount-philadelphia
Brown Street Coffee & Bánhery,brown-street-coffee-and-bánhery-philadelphia
moonbowls,moonbowls-philadelphia
City View Pizza,city-view-pizza-philadelphia-2
Bella's Breakfast & Lunch,bellas-breakfast-and-lunch-philadelphia
Irie Jamaican Restaurant,irie-jamaican-restaurant-philadelphia
Happy Joy Family Restaurant,happy-joy-family-restaurant-philadelphia
Krupa's Tavern,krupas-tavern-philadelphia
Plaza Pizza At Temple University,plaza-pizza-at-temple-university-philadelphia-3
Yi Fang Taiwan Fruit Tea,yi-fang-taiwan-fruit-tea-philadelphia
Spicy Masala Kitchen,spicy-masala-kitchen-philadelphia
Curry & Kabab House,curry-and-kabab-house-philadelphia
Philly Style Pizza and Grille,philly-style-pizza-and-grille-philadelphia
Pazzo Pazzo,pazzo-pazzo-philadelphia
The Bagel Hut,the-bagel-hut-philadelphia
Flip-N-Pizza,flip-n-pizza-philadelphia
Owl Breakfast & Lunch,owl-breakfast-and-lunch-philadelphia
Diamond Pizza,diamond-pizza-philadelphia-3
Columbia Diner,columbia-diner-philadelphia
Charlies Country Ribs,charlies-country-ribs-philadelphia
China House,china-house-philadelphia-13
Strictly Seafood,strictly-seafood-philadelphia
Philly Fried Chicken,philly-fried-chicken-philadelphia
Crunchik'n,crunchikn-philadelphia-2
Touch Down Wings,touch-down-wings-philadelphia
ZIG ZAG BBQ,zig-zag-bbq-philadelphia-2
Down North Pizza,down-north-pizza-philadelphia
Kabobeesh,kabobeesh-philadelphia
Fresh Donuts,fresh-donuts-philadelphia-5
Crown Fried Chicken,crown-fried-chicken-philadelphia-18
Bart's Bagels,barts-bagels-philadelphia
New Deck Tavern,new-deck-tavern-philadelphia
Bonks Bar,bonks-bar-philadelphia-2
La Roma,la-roma-philadelphia
East Coast Wings + Grill,east-coast-wings-grill-philadelphia-3
The Dinner House,the-dinner-house-philadelphia
Marinucci's Deli - Port Richmond,marinuccis-deli-port-richmond-philadelphia
Vientiane Bistro,vientiane-bistro-philadelphia
Cicala at the Divine Lorraine,cicala-at-the-divine-lorraine-philadelphia
The Creperie,the-creperie-philadelphia
Rybread,rybread-philadelphia
Coffee Cream & Dreams,coffee-cream-and-dreams-philadelphia
Reggae Reggae Vibes,reggae-reggae-vibes-philadelphia
Blaze Pizza,blaze-pizza-philadelphia
Ambassador,ambassador-philadelphia
Santucci's Original Square Pizza,santuccis-original-square-pizza-philadelphia-4
Zuzu's Kitchen,zuzus-kitchen-philadelphia
Crab Du Jour - Philadelphia,crab-du-jour-philadelphia-philadelphia-3
Chi Mc King,chi-mc-king-philadelphia
Tiffin,tiffin-philadelphia-6
The Fire,the-fire-philadelphia-2
Tai's Vietnamese Food,tais-vietnamese-food-philadelphia
NY Gyro Lunch,ny-gyro-lunch-philadelphia
The Hubble Bubble Hookah Lounge,the-hubble-bubble-hookah-lounge-philadelphia
Temple Teppanyaki,temple-teppanyaki-philadelphia
Larry's Steaks,larrys-steaks-philadelphia-3
Richie's,richies-philadelphia
El Camino Real,el-camino-real-philadelphia
Liberty Kitchen,liberty-kitchen-philadelphia-2
Punch Line Philly,punch-line-philly-philadelphia
Stateside Vodka Bar,stateside-vodka-bar-philadelphia
Primary Plant Based,primary-plant-based-philadelphia-2
Pancho's Cafe,panchos-cafe-philadelphia-2
Boricua Restaurant,boricua-restaurant-philadelphia
Federal Donuts North,federal-donuts-north-philadelphia
Figo,figo-philadelphia
Calle Del Sabor,calle-del-sabor-philadelphia
Batter & Crumbs Vegan Bakery and Cafe,batter-and-crumbs-vegan-bakery-and-cafe-philadelphia
Rosarios Pizzeria,rosarios-pizzeria-philadelphia-5
The Restaurant at JNA Institute of Culinary Arts,the-restaurant-at-jna-institute-of-culinary-arts-philadelphia
BOOM Catracho 504,boom-catracho-504-philadelphia
Cafe Diem,cafe-diem-philadelphia
In the Valley,in-the-valley-philadelphia
Kei Sushi Restaurant,kei-sushi-restaurant-philadelphia
a.kitchen,a-kitchen-philadelphia-4
Buna Cafe Philly,buna-cafe-philly-philadelphia
Alif Brew & Mini Mart,alif-brew-and-mini-mart-philadelphia
Penn Cafe & Pizzeria,penn-cafe-and-pizzeria-philadelphia-4
Luxor Cafe & Hookah Lounge,luxor-cafe-and-hookah-lounge-philadelphia-2
Anna Restaurant,anna-restaurant-philadelphia
Four Worlds Bakery,four-worlds-bakery-philadelphia
Park Pizza,park-pizza-philadelphia
Brown Sugar Bakery & Cafe,brown-sugar-bakery-and-cafe-philadelphia
The Wine Garden,the-wine-garden-philadelphia
Queen Sheba,queen-sheba-philadelphia-2
Revolution Taco,revolution-taco-philadelphia
Maggiano's Little Italy,maggianos-little-italy-philadelphia
Sto's Bar & Restaurant,stos-bar-and-restaurant-philadelphia
Kostas Bar Restaurant,kostas-bar-restaurant-philadelphia
The Prime Rib,the-prime-rib-philadelphia-3
Green Eggs Cafe,green-eggs-cafe-philadelphia-17
Marathon On the Square,marathon-on-the-square-philadelphia
Amma's South Indian Cuisine,ammas-south-indian-cuisine-philadelphia-2
Dizengoff,dizengoff-philadelphia
Maple Japanese Ramen,maple-japanese-ramen-philadelphia-2
Fuji Mountain,fuji-mountain-philadelphia
Goldie,goldie-philadelphia-3
Twenty Manning,twenty-manning-philadelphia-2
Square on Square,square-on-square-philadelphia-3
Chinatown Square,chinatown-square-philadelphia
Ocean Harbor,ocean-harbor-philadelphia
Hop Sing Laundromat,hop-sing-laundromat-philadelphia
Chu Shang Spicy 厨尚麻辣,chu-shang-spicy-厨尚麻辣-philadelphia
Tea Do,tea-do-philadelphia
Parkway Corner Deli,parkway-corner-deli-philadelphia
Umai Umai,umai-umai-philadelphia
KASUMI SUSHI,kasumi-sushi-philadelphia
Philadium,philadium-philadelphia-2
Popi's Italian Restaurant,popis-italian-restaurant-philadelphia
Eggcellent Cafe,eggcellent-cafe-philadelphia
3j's Cafe,3js-cafe-philadelphia-3
Philly's Gourmet Steaks,phillys-gourmet-steaks-philadelphia
ICI Macarons & Cafe,ici-macarons-and-cafe-philadelphia
JJ Bootleggers,jj-bootleggers-philadelphia
Menagerie Coffee,menagerie-coffee-philadelphia
Hajimaru Fishtown,hajimaru-fishtown-philadelphia-2
R&D,r-and-d-philadelphia
Coffee House Too,coffee-house-too-philadelphia
La Colombe Coffee,la-colombe-coffee-philadelphia
Barcade,barcade-philadelphia
The Foodery,the-foodery-philadelphia
Seiko Japanese Restaurant,seiko-japanese-restaurant-philadelphia-7
Del Rossi's Cheesesteak & Pizza,del-rossis-cheesesteak-and-pizza-philadelphia
Walnut Street Cafe,walnut-street-cafe-philadelphia
LaScala's Fire,lascalas-fire-philadelphia-2
Glick’s Rib Shack,glick-s-rib-shack-philadelphia
The Dutch,the-dutch-philadelphia
Essen Bakery,essen-bakery-philadelphia-2
Otto’s Taproom & Grille,otto-s-taproom-and-grille-philadelphia
Tela's Market & Kitchen,telas-market-and-kitchen-philadelphia
I Tea,i-tea-philadelphia-3
The Bishop's Collar,the-bishops-collar-philadelphia
Cosmic Café and Ciderhouse,cosmic-café-and-ciderhouse-philadelphia
Trio,trio-philadelphia
Goldie,goldie-philadelphia-5
Little Pete's Restaurant,little-petes-restaurant-philadelphia
Circles + Squares,circles-squares-philadelphia
Mercer Cafe,mercer-cafe-philadelphia
Post Haste,post-haste-philadelphia
Attico Rooftop,attico-rooftop-lounge-philadelphia
Barra Rossa,barra-rossa-ristorante-philadelphia
Cockatoo,cockatoo-philadelphia
Jomon Yakiniku & Shabu Shabu,jomon-japanese-bbq-and-hot-pot-philadelphia
Loch Bar,loch-bar-philly-philadelphia
Miss Saigon,miss-saigon-philadelphia-2
Oltremare,oltremare-philadelphia
Red Owl Tavern,red-owl-tavern-philadelphia-2
Seafood Unlimited,seafood-unlimited-philadelphia
Volver,volvér-philadelphia
Pizzeria Vetri Rittenhouse,pizzeria-vetri-philadelphia-6
39 NORTH,39-north-taproom-and-grill-glenolden
ADOBE,adobe-cafe-philadelphia-2
ATTIC BREWING,attic-brewing-company-philadelphia
BAR PALMINA (NA),bar-palmina-philadelphia
BARNABY'S WEST CHESTER,barnabys-west-chester-west-chester
BOBBY RAY'S PENNSAUKEN TAVERN,bobby-rays-pennsauken-2
BONNER'S IRISH PUB,bonners-irish-pub-philadelphia
BORDENTOWN SQUARE,bordentown-square-tap-grill-bordentown
BOTTLE BAR,bottle-bar-east-philadelphia
BOURBON AND BRANCH,bourbon-and-branch-philadelphia
BRIDGET FOY'S,bridget-foys-philadelphia-3
CEDAR POINT,cedar-point-bar-and-kitchen-philadelphia
FRINGE ARTS,fringearts-philadelphia-2
GARAGE FISHTOWN,garage-fishtown-philadelphia
GRID IRON,gridiron-sports-bar-and-pizzeria-phoenixville
HILLTOWN TAVERN (FAIRMOUNT),hilltown-tavern-fairmount-philadelphia
HILLTOWN TAVERN (ROXBOROUGH),hilltown-tavern-philadelphia-2
HUMBLE PARLOR,humble-parlor-brewing-philadelphia
HURRICANE JACKS,hurricane-jacks-bar-and-restaurant-levittown
JARRETTOWN HOTEL,jarrettown-hotel-italian-restaurant-dresher
JITTERS,jitters-sports-bar-west-chester
LOCAL 44,local-44-philadelphia
MAC'S TAVERN,macs-tavern-philadelphia
MANYUNK BREWING CO,manayunk-brewery-philadelphia-2
NUT HUT SALOON,the-nut-hut-saloon-philadelphia
NUTMEG NA BAR,nutmeg-bar-and-market-philadelphia-2
O'JUNG'S,o-jungs-philadelphia
ORTLIEB'S ,ortliebs-philadelphia
OUR TOWN TAPROOM,our-town-taproom-philadelphia
PIZZATA BIRRERIA,pizzata-pizzeria-and-birreria-philadelphia-2
PJ WHELIHANS,p-j-whelihans-pub-restaurant-conshohocken-conshohocken-2
PJ'S PUB HADDON TWP,the-pour-house-westmont-haddon-township
RYAN'S PUB,ryans-pub-west-chester
SALOON 151,saloon-151-west-chester
SCHILEEN'S IRISH PUB,schileens-pub-westville
SHEEBEN PUB,the-towne-house-media
STIR LOUNGE,stir-philadelphia
TAPHOUSE 23,taphouse-23-bridgeport-2
THE BOOZY MUTT,the-boozy-mutt-philadelphia
THE BRASS TAP ,the-brass-tap-philadelphia
THE GREEN ROOM,green-room-philadelphia
THE PLOUGH,the-plough-and-the-stars-philadelphia
TIMOTHY'S,timothys-west-chester-west-chester
TOSKA,toska-restaurant-and-brewery-philadelphia-2
VAULT BREWING,vault-brewing-yardley
VILLIAGE IDIOT,village-idiot-brewing-company-mount-holly
WOLF BURGER,wolf-burger-philadelphia
AXE AND ARROW BREWING,axe-and-arrow-brewing-glassboro
BROKEN GOBLET BREWING,broken-goblet-brewing-bensalem
DAWSON STREET PUB,dawson-street-pub-philadelphia
FERGIE'S PUB,fergies-pub-philadelphia
FOUNDING FATHERS,founding-fathers-bensalem
GREAT AMERICAN PUB,the-great-american-pub-conshohocken
TWISTED GINGERS,twisted-gingers-brewing-philadelphia-2